ten_anh,ground_truth,crop_index,bien_the,so_dong_ocr,texts,raw_text,avg_conf,normalized,fixed,hop_cau_truc,so_ky_tu_da_sua,ocr_error
001.jpg,38A27374,0,Ảnh gốc,2,N | 38A-273.74,N38A-273.74,0.9791020154953003,N38A27374,N3BA27374,False,1,
001.jpg,38A27374,0,Ảnh CLAHE,1,38A-273.74,38A-273.74,0.9747164845466614,38A27374,38A27374,True,0,
001.jpg,38A27374,0,Ảnh Otsu,1,38A-273.74,38A-273.74,0.9264165163040161,38A27374,38A27374,True,0,
002.jpg,59X139458,0,Ảnh gốc,0,,,0.0,,,False,0,
002.jpg,59X139458,0,Ảnh CLAHE,0,,,0.0,,,False,0,
002.jpg,59X139458,0,Ảnh Otsu,0,,,0.0,,,False,0,
002.jpg,59X139458,1,Ảnh gốc,0,,,0.0,,,False,0,
002.jpg,59X139458,1,Ảnh CLAHE,0,,,0.0,,,False,0,
002.jpg,59X139458,1,Ảnh Otsu,0,,,0.0,,,False,0,
002.jpg,59X139458,2,Ảnh gốc,0,,,0.0,,,False,0,
002.jpg,59X139458,2,Ảnh CLAHE,0,,,0.0,,,False,0,
002.jpg,59X139458,2,Ảnh Otsu,0,,,0.0,,,False,0,
003.jpg,81A23618,0,Ảnh gốc,2,81A | 236.18,81A236.18,0.9668994843959808,81A23618,81A23618,True,0,
003.jpg,81A23618,0,Ảnh CLAHE,2,81A | 236.18,81A236.18,0.9029813706874847,81A23618,81A23618,True,0,
003.jpg,81A23618,0,Ảnh Otsu,2,81 | 236.18,81236.18,0.8137410283088684,8123618,81Z3618,True,1,
004.jpg,51H69860,0,Ảnh gốc,2,51H | 698.60,51H698.60,0.9717600345611572,51H69860,51H69860,True,0,
004.jpg,51H69860,0,Ảnh CLAHE,1,698.60,698.60,0.8903088569641113,69860,69B60,False,1,
004.jpg,51H69860,0,Ảnh Otsu,1,11,11,0.9800080060958862,11,11,False,0,
005.jpg,51C05509,0,Ảnh gốc,1,61C-055.09,61C-055.09,0.9532138705253601,61C05509,61C05509,True,0,
005.jpg,51C05509,0,Ảnh CLAHE,1,51C-055.09,51C-055.09,0.9625244140625,51C05509,51C05509,True,0,
005.jpg,51C05509,0,Ảnh Otsu,1,51C-055.09,51C-055.09,0.8337603807449341,51C05509,51C05509,True,0,
006.jpg,51G94706,0,Ảnh gốc,1,516-947.06,516-947.06,0.9199425578117371,51694706,51G94706,True,1,
006.jpg,51G94706,0,Ảnh CLAHE,1,516-947.06,516-947.06,0.881433367729187,51694706,51G94706,True,1,
006.jpg,51G94706,0,Ảnh Otsu,1,516-947.06,516-947.06,0.9445783495903015,51694706,51G94706,True,1,
007.jpg,59P241572,0,Ảnh gốc,2,59-P2 | 415.72,59-P2415.72,0.9417330920696259,59P241572,59P241572,True,0,
007.jpg,59P241572,0,Ảnh CLAHE,2,59-P2 | 415.72,59-P2415.72,0.9449382126331329,59P241572,59P241572,True,0,
007.jpg,59P241572,0,Ảnh Otsu,2,59-P2 | 415.72,59-P2415.72,0.9311407208442688,59P241572,59P241572,True,0,
008.jpg,77L160030,0,Ảnh gốc,2,77-L1 | 600.30,77-L1600.30,0.9583579897880554,77L160030,77L160030,True,0,
008.jpg,77L160030,0,Ảnh CLAHE,2,77-L1 | 600.30,77-L1600.30,0.970388799905777,77L160030,77L160030,True,0,
008.jpg,77L160030,0,Ảnh Otsu,2,7*L1 | 6.00:30,7*L16.00:30,0.7483452260494232,7L160030,71I60030,True,2,
009.jpg,94AB08770,0,Ảnh gốc,2,94-AB | 087.70,94-AB087.70,0.9575213491916656,94AB08770,94AB08770,True,0,
009.jpg,94AB08770,0,Ảnh CLAHE,2,94-AB | 087.70,94-AB087.70,0.944985032081604,94AB08770,94AB08770,True,0,
009.jpg,94AB08770,0,Ảnh Otsu,2,94-AB | 087.70,94-AB087.70,0.9377381503582001,94AB08770,94AB08770,True,0,
010.jpg,71B350531,0,Ảnh gốc,1,505.37,505.37,0.8145930767059326,50537,50S37,False,1,
010.jpg,71B350531,0,Ảnh CLAHE,1,505.37,505.37,0.8427636623382568,50537,50S37,False,1,
010.jpg,71B350531,0,Ảnh Otsu,1,505.317,505.317,0.7162749171257019,505317,50S317,False,1,
011.jpg,79A11283,0,Ảnh gốc,1,79A-112.83,79A-112.83,0.9541265368461609,79A11283,79A11283,True,0,
011.jpg,79A11283,0,Ảnh CLAHE,1,79A-112.83,79A-112.83,0.9544214010238647,79A11283,79A11283,True,0,
011.jpg,79A11283,0,Ảnh Otsu,1,79A-11283,79A-11283,0.9461292624473572,79A11283,79A11283,True,0,
012.jpg,51A81930,0,Ảnh gốc,2,51A | 819.30,51A819.30,0.9725020825862885,51A81930,51A81930,True,0,
012.jpg,51A81930,0,Ảnh CLAHE,2,51A | 819.30,51A819.30,0.9563751816749573,51A81930,51A81930,True,0,
012.jpg,51A81930,0,Ảnh Otsu,2,51A | 819.30,51A819.30,0.8193328380584717,51A81930,51A81930,True,0,
013.jpg,60F128808,0,Ảnh gốc,1,28868,28868,0.7791541814804077,28868,28B68,False,1,
013.jpg,60F128808,0,Ảnh CLAHE,0,,,0.0,,,False,0,
013.jpg,60F128808,0,Ảnh Otsu,0,,,0.0,,,False,0,
014.jpg,81B321596,0,Ảnh gốc,2,81-83 | 215.96,81-83215.96,0.9470506608486176,818321596,81B321596,True,1,
014.jpg,81B321596,0,Ảnh CLAHE,2,81-83 | 215.96,81-83215.96,0.9449788630008698,818321596,81B321596,True,1,
014.jpg,81B321596,0,Ảnh Otsu,2,81-83 | 15.96,81-8315.96,0.9617761075496674,81831596,81B31596,True,1,
015.jpg,29H17054,0,Ảnh gốc,1,29H-170.54,29H-170.54,0.9686442613601685,29H17054,29H17054,True,0,
015.jpg,29H17054,0,Ảnh CLAHE,1,29H-170.54,29H-170.54,0.9679747819900513,29H17054,29H17054,True,0,
015.jpg,29H17054,0,Ảnh Otsu,1,29H-170.54,29H-170.54,0.9628738164901733,29H17054,29H17054,True,0,
016.jpg,30E43502,0,Ảnh gốc,1,30E-435.02,30E-435.02,0.9328853487968445,30E43502,30E43502,True,0,
016.jpg,30E43502,0,Ảnh CLAHE,1,30E-435.02,30E-435.02,0.9541935920715332,30E43502,30E43502,True,0,
016.jpg,30E43502,0,Ảnh Otsu,1,30E-435.02,30E-435.02,0.9440640211105347,30E43502,30E43502,True,0,
017.jpg,30A26144,0,Ảnh gốc,2,30A | 261.44,30A261.44,0.9884756803512573,30A26144,30A26144,True,0,
017.jpg,30A26144,0,Ảnh CLAHE,2,30A | 261.44,30A261.44,0.9837735593318939,30A26144,30A26144,True,0,
017.jpg,30A26144,0,Ảnh Otsu,2,30A | 261.44,30A261.44,0.99013552069664,30A26144,30A26144,True,0,
018.jpg,89C15637,0,Ảnh gốc,2,89C | 156.37,89C156.37,0.9826513826847076,89C15637,89C15637,True,0,
018.jpg,89C15637,0,Ảnh CLAHE,2,89C | 156.37,89C156.37,0.9843981266021729,89C15637,89C15637,True,0,
018.jpg,89C15637,0,Ảnh Otsu,2,89C | 156.37,89C156.37,0.9892957210540771,89C15637,89C15637,True,0,
019.jpg,89A15961,0,Ảnh gốc,1,89A-159.61,89A-159.61,0.9337838888168335,89A15961,89A15961,True,0,
019.jpg,89A15961,0,Ảnh CLAHE,1,89A-159.61,89A-159.61,0.9583758115768433,89A15961,89A15961,True,0,
019.jpg,89A15961,0,Ảnh Otsu,1,89A-159.61,89A-159.61,0.9435288310050964,89A15961,89A15961,True,0,
020.jpg,30A26144,0,Ảnh gốc,1,30A-261.44,30A-261.44,0.9397772550582886,30A26144,30A26144,True,0,
020.jpg,30A26144,0,Ảnh CLAHE,1,30A-261.44,30A-261.44,0.9379223585128784,30A26144,30A26144,True,0,
020.jpg,30A26144,0,Ảnh Otsu,1,30A-261.44,30A-261.44,0.9888142347335815,30A26144,30A26144,True,0,
021.jpg,29C80581,0,Ảnh gốc,2,29C | 805.81,29C805.81,0.9904403686523438,29C80581,29C80581,True,0,
021.jpg,29C80581,0,Ảnh CLAHE,2,29C | 805.81,29C805.81,0.9897146224975586,29C80581,29C80581,True,0,
021.jpg,29C80581,0,Ảnh Otsu,2,29C | 805.81,29C805.81,0.995763748884201,29C80581,29C80581,True,0,
022.jpg,30E45676,0,Ảnh gốc,2,30E | 456.76,30E456.76,0.9712892174720764,30E45676,30E45676,True,0,
022.jpg,30E45676,0,Ảnh CLAHE,2,30E | 456.76,30E456.76,0.9795055389404297,30E45676,30E45676,True,0,
022.jpg,30E45676,0,Ảnh Otsu,2,30E | 456.76,30E456.76,0.9595902264118195,30E45676,30E45676,True,0,
023.jpg,30F5204,0,Ảnh gốc,2,30F | 5204,30F5204,0.99351367354393,30F5204,30F5204,True,0,
023.jpg,30F5204,0,Ảnh CLAHE,2,30F | 5204,30F5204,0.9924989342689514,30F5204,30F5204,True,0,
023.jpg,30F5204,0,Ảnh Otsu,2,r'30F | 5204,r'30F5204,0.8791263699531555,R30F5204,R3OF5204,False,1,
023.jpg,30F5204,1,Ảnh gốc,3,30F | 5204 | OWA,30F5204OWA,0.9012287259101868,30F5204OWA,30F52040W4,False,2,
023.jpg,30F5204,1,Ảnh CLAHE,3,30F | 5204 | OWA,30F5204OWA,0.8790452678998312,30F5204OWA,30F52040W4,False,2,
023.jpg,30F5204,1,Ảnh Otsu,2,F30F | 5204,F30F5204,0.9323480129241943,F30F5204,F3OF5204,False,1,
024.jpg,30F5204,0,Ảnh gốc,2,30F | 5204,30F5204,0.9904386699199677,30F5204,30F5204,True,0,
024.jpg,30F5204,0,Ảnh CLAHE,2,30F | 5204,30F5204,0.9936630427837372,30F5204,30F5204,True,0,
024.jpg,30F5204,0,Ảnh Otsu,2,30F | 5204,30F5204,0.9953961670398712,30F5204,30F5204,True,0,
024.jpg,30F5204,1,Ảnh gốc,2,30F | 5204,30F5204,0.9928192496299744,30F5204,30F5204,True,0,
024.jpg,30F5204,1,Ảnh CLAHE,2,30F | 5204,30F5204,0.9922114610671997,30F5204,30F5204,True,0,
024.jpg,30F5204,1,Ảnh Otsu,2,30F | 5204,30F5204,0.9958084225654602,30F5204,30F5204,True,0,
025.jpg,51G52911,0,Ảnh gốc,1,51G-529.11,51G-529.11,0.9307924509048462,51G52911,51G52911,True,0,
025.jpg,51G52911,0,Ảnh CLAHE,1,51G-529.11,51G-529.11,0.9483431577682495,51G52911,51G52911,True,0,
025.jpg,51G52911,0,Ảnh Otsu,1,516-529.11,516-529.11,0.9503691792488098,51652911,51G52911,True,1,
026.jpg,29A85437,0,Ảnh gốc,1,29A-854.37,29A-854.37,0.9196653366088867,29A85437,29A85437,True,0,
026.jpg,29A85437,0,Ảnh CLAHE,1,29A-85437,29A-85437,0.9584167003631592,29A85437,29A85437,True,0,
026.jpg,29A85437,0,Ảnh Otsu,1,29A-85437,29A-85437,0.9557948708534241,29A85437,29A85437,True,0,
027.jpg,30F85806,0,Ảnh gốc,1,30F-858.06,30F-858.06,0.9787432551383972,30F85806,30F85806,True,0,
027.jpg,30F85806,0,Ảnh CLAHE,1,30F-858.06,30F-858.06,0.9768684506416321,30F85806,30F85806,True,0,
027.jpg,30F85806,0,Ảnh Otsu,1,30F-858.06,30F-858.06,0.9832130670547485,30F85806,30F85806,True,0,
028.jpg,30V8692,0,Ảnh gốc,2,30V | 8692,30V8692,0.9936717748641968,30V8692,30V8692,True,0,
028.jpg,30V8692,0,Ảnh CLAHE,2,30V | 8692,30V8692,0.9918257594108582,30V8692,30V8692,True,0,
028.jpg,30V8692,0,Ảnh Otsu,2,30V | 8692,30V8692,0.9918327629566193,30V8692,30V8692,True,0,
029.jpg,30A92645,0,Ảnh gốc,2,30A | 926.45,30A926.45,0.9729361236095428,30A92645,30A92645,True,0,
029.jpg,30A92645,0,Ảnh CLAHE,2,30A | 926.45,30A926.45,0.9219678342342377,30A92645,30A92645,True,0,
029.jpg,30A92645,0,Ảnh Otsu,2,30A | 926.45,30A926.45,0.9227622747421265,30A92645,30A92645,True,0,
030.jpg,88A03336,0,Ảnh gốc,1,88A-033.36,88A-033.36,0.9512381553649902,88A03336,88A03336,True,0,
030.jpg,88A03336,0,Ảnh CLAHE,1,88A-033.36,88A-033.36,0.972407341003418,88A03336,88A03336,True,0,
030.jpg,88A03336,0,Ảnh Otsu,1,88A033.36,88A033.36,0.9802116751670837,88A03336,88A03336,True,0,
031.jpg,30F10317,0,Ảnh gốc,1,30F-103.17,30F-103.17,0.9699522852897644,30F10317,30F10317,True,0,
031.jpg,30F10317,0,Ảnh CLAHE,1,30F-103.17,30F-103.17,0.955821692943573,30F10317,30F10317,True,0,
031.jpg,30F10317,0,Ảnh Otsu,1,30F-103.17,30F-103.17,0.92833411693573,30F10317,30F10317,True,0,
032.jpg,29A26128,0,Ảnh gốc,2,29A | 261.28,29A261.28,0.9956486821174622,29A26128,29A26128,True,0,
032.jpg,29A26128,0,Ảnh CLAHE,2,29A | 261.28,29A261.28,0.9945666193962097,29A26128,29A26128,True,0,
032.jpg,29A26128,0,Ảnh Otsu,2,29A | 261.28,29A261.28,0.9884272813796997,29A26128,29A26128,True,0,
033.jpg,30F50833,0,Ảnh gốc,1,30F-508.33,30F-508.33,0.9831631779670715,30F50833,30F50833,True,0,
033.jpg,30F50833,0,Ảnh CLAHE,1,30F-508.33,30F-508.33,0.9856457710266113,30F50833,30F50833,True,0,
033.jpg,30F50833,0,Ảnh Otsu,1,30F-508.33,30F-508.33,0.9926589131355286,30F50833,30F50833,True,0,
034.jpg,30A88459,0,Ảnh gốc,1,30A-884.59,30A-884.59,0.9748069643974304,30A88459,30A88459,True,0,
034.jpg,30A88459,0,Ảnh CLAHE,1,30A-884.59,30A-884.59,0.9806431531906128,30A88459,30A88459,True,0,
034.jpg,30A88459,0,Ảnh Otsu,1,30A-884.59,30A-884.59,0.9881285429000854,30A88459,30A88459,True,0,
035.jpg,15A00635,0,Ảnh gốc,1,15A-006.35,15A-006.35,0.9624298810958862,15A00635,15A00635,True,0,
035.jpg,15A00635,0,Ảnh CLAHE,1,15A-006.35,15A-006.35,0.9592569470405579,15A00635,15A00635,True,0,
035.jpg,15A00635,0,Ảnh Otsu,1,15A-006.35,15A-006.35,0.9825364947319031,15A00635,15A00635,True,0,
036.jpg,30F07555,0,Ảnh gốc,2,30F | 075.55,30F075.55,0.9765371084213257,30F07555,30F07555,True,0,
036.jpg,30F07555,0,Ảnh CLAHE,2,30F | 07555,30F07555,0.9889285862445831,30F07555,30F07555,True,0,
036.jpg,30F07555,0,Ảnh Otsu,2,30F | 075.55,30F075.55,0.9426425695419312,30F07555,30F07555,True,0,
037.jpg,30F07555,0,Ảnh gốc,2,30F | 075.55,30F075.55,0.9907531142234802,30F07555,30F07555,True,0,
037.jpg,30F07555,0,Ảnh CLAHE,2,30F | 075.55,30F075.55,0.988353818655014,30F07555,30F07555,True,0,
037.jpg,30F07555,0,Ảnh Otsu,2,30F | 075.55,30F075.55,0.9936519861221313,30F07555,30F07555,True,0,
038.jpg,30E12176,0,Ảnh gốc,1,30E-121.76,30E-121.76,0.9603797793388367,30E12176,30E12176,True,0,
038.jpg,30E12176,0,Ảnh CLAHE,1,30E-121.76,30E-121.76,0.9601060152053833,30E12176,30E12176,True,0,
038.jpg,30E12176,0,Ảnh Otsu,1,30E-121.76,30E-121.76,0.9842160940170288,30E12176,30E12176,True,0,
039.jpg,29H15079,0,Ảnh gốc,2,29H | 150.79,29H150.79,0.9824133515357971,29H15079,29H15079,True,0,
039.jpg,29H15079,0,Ảnh CLAHE,2,29H | 150.79,29H150.79,0.9893244504928589,29H15079,29H15079,True,0,
039.jpg,29H15079,0,Ảnh Otsu,2,29H | 150.79,29H150.79,0.9770806133747101,29H15079,29H15079,True,0,
040.jpg,14A25074,0,Ảnh gốc,1,14A-250.74,14A-250.74,0.981654167175293,14A25074,14A25074,True,0,
040.jpg,14A25074,0,Ảnh CLAHE,1,14A-250.74,14A-250.74,0.9773988723754883,14A25074,14A25074,True,0,
040.jpg,14A25074,0,Ảnh Otsu,1,14A-250.74,14A-250.74,0.9959673881530762,14A25074,14A25074,True,0,
041.jpg,29A25885,0,Ảnh gốc,2,29A | 258.85,29A258.85,0.9851000905036926,29A25885,29A25885,True,0,
041.jpg,29A25885,0,Ảnh CLAHE,2,29A | 258.85,29A258.85,0.9848635792732239,29A25885,29A25885,True,0,
041.jpg,29A25885,0,Ảnh Otsu,2,29A | 258.85,29A258.85,0.9241535067558289,29A25885,29A25885,True,0,
042.jpg,30F27580,0,Ảnh gốc,1,30F-275.80,30F-275.80,0.9752060770988464,30F27580,30F27580,True,0,
042.jpg,30F27580,0,Ảnh CLAHE,1,30F-275.80,30F-275.80,0.9750564694404602,30F27580,30F27580,True,0,
042.jpg,30F27580,0,Ảnh Otsu,1,30F-275.80,30F-275.80,0.9407188296318054,30F27580,30F27580,True,0,
043.jpg,30E34411,0,Ảnh gốc,1,30E-344.11,30E-344.11,0.969526469707489,30E34411,30E34411,True,0,
043.jpg,30E34411,0,Ảnh CLAHE,1,30E-344.11,30E-344.11,0.9712724685668945,30E34411,30E34411,True,0,
043.jpg,30E34411,0,Ảnh Otsu,1,30E-344.11,30E-344.11,0.9961644411087036,30E34411,30E34411,True,0,
044.jpg,30F36253,0,Ảnh gốc,1,30F-362.53,30F-362.53,0.9722673296928406,30F36253,30F36253,True,0,
044.jpg,30F36253,0,Ảnh CLAHE,1,30F-362.53,30F-362.53,0.9744914174079895,30F36253,30F36253,True,0,
044.jpg,30F36253,0,Ảnh Otsu,1,30F-362.53,30F-362.53,0.9911969900131226,30F36253,30F36253,True,0,
045.jpg,29H37260,0,Ảnh gốc,1,29H-372.60,29H-372.60,0.9856721758842468,29H37260,29H37260,True,0,
045.jpg,29H37260,0,Ảnh CLAHE,1,29H-372.60,29H-372.60,0.985852062702179,29H37260,29H37260,True,0,
045.jpg,29H37260,0,Ảnh Otsu,1,29H-372.60,29H-372.60,0.9945467710494995,29H37260,29H37260,True,0,
045.jpg,29H37260,1,Ảnh gốc,1,29H-372.60,29H-372.60,0.9775513410568237,29H37260,29H37260,True,0,
045.jpg,29H37260,1,Ảnh CLAHE,1,29H-372.60,29H-372.60,0.9745661020278931,29H37260,29H37260,True,0,
045.jpg,29H37260,1,Ảnh Otsu,1,29H-372.60,29H-372.60,0.9911620020866394,29H37260,29H37260,True,0,
046.jpg,30F39361,0,Ảnh gốc,2,30F | 393.61,30F393.61,0.9810546636581421,30F39361,30F39361,True,0,
046.jpg,30F39361,0,Ảnh CLAHE,2,30F | 393.61,30F393.61,0.9754290878772736,30F39361,30F39361,True,0,
046.jpg,30F39361,0,Ảnh Otsu,2,30F | 393.61,30F393.61,0.9665656685829163,30F39361,30F39361,True,0,
047.jpg,30E43843,0,Ảnh gốc,1,30E-438.43,30E-438.43,0.980674147605896,30E43843,30E43843,True,0,
047.jpg,30E43843,0,Ảnh CLAHE,1,30E-438.43,30E-438.43,0.972131609916687,30E43843,30E43843,True,0,
047.jpg,30E43843,0,Ảnh Otsu,1,30E-438.43,30E-438.43,0.9773935079574585,30E43843,30E43843,True,0,
048.jpg,30A48483,0,Ảnh gốc,2,30A | 84.83,30A84.83,0.9899536073207855,30A8483,30A8483,True,0,
048.jpg,30A48483,0,Ảnh CLAHE,2,30A | 484.83,30A484.83,0.9904488325119019,30A48483,30A48483,True,0,
048.jpg,30A48483,0,Ảnh Otsu,2,30A | 84.83,30A84.83,0.9915295839309692,30A8483,30A8483,True,0,
049.jpg,30E66266,0,Ảnh gốc,1,30E-662.66,30E-662.66,0.9741693735122681,30E66266,30E66266,True,0,
049.jpg,30E66266,0,Ảnh CLAHE,1,30E-662.66,30E-662.66,0.9818196296691895,30E66266,30E66266,True,0,
049.jpg,30E66266,0,Ảnh Otsu,1,30E-662.66,30E-662.66,0.9567055702209473,30E66266,30E66266,True,0,
050.jpg,30F86404,0,Ảnh gốc,1,30F-864.04,30F-864.04,0.9516374468803406,30F86404,30F86404,True,0,
050.jpg,30F86404,0,Ảnh CLAHE,1,30F-864.04,30F-864.04,0.9696491360664368,30F86404,30F86404,True,0,
050.jpg,30F86404,0,Ảnh Otsu,1,30F-864.04,30F-864.04,0.9862144589424133,30F86404,30F86404,True,0,
051.jpg,89A10341,0,Ảnh gốc,2,89A | 103.41,89A103.41,0.9844257831573486,89A10341,89A10341,True,0,
051.jpg,89A10341,0,Ảnh CLAHE,2,89A | 103.41,89A103.41,0.9485933780670166,89A10341,89A10341,True,0,
051.jpg,89A10341,0,Ảnh Otsu,2,89A | 103.41,89A103.41,0.9549549221992493,89A10341,89A10341,True,0,
052.jpg,89A10868,0,Ảnh gốc,2,89A | 108.68,89A108.68,0.9762723743915558,89A10868,89A10868,True,0,
052.jpg,89A10868,0,Ảnh CLAHE,2,89A | 108.68,89A108.68,0.9909222722053528,89A10868,89A10868,True,0,
052.jpg,89A10868,0,Ảnh Otsu,2,89A | 108.68,89A108.68,0.9411756694316864,89A10868,89A10868,True,0,
053.jpg,29A09586,0,Ảnh gốc,1,29A-095.86,29A-095.86,0.978617787361145,29A09586,29A09586,True,0,
053.jpg,29A09586,0,Ảnh CLAHE,1,29A-095.86,29A-095.86,0.9833067655563354,29A09586,29A09586,True,0,
053.jpg,29A09586,0,Ảnh Otsu,1,29A-095.86,29A-095.86,0.9709270596504211,29A09586,29A09586,True,0,
054.jpg,29A33928,0,Ảnh gốc,2,29A | 339.28,29A339.28,0.9955634772777557,29A33928,29A33928,True,0,
054.jpg,29A33928,0,Ảnh CLAHE,2,29A | 339.28,29A339.28,0.9949198961257935,29A33928,29A33928,True,0,
054.jpg,29A33928,0,Ảnh Otsu,2,29A | 339.28,29A339.28,0.9958029091358185,29A33928,29A33928,True,0,
055.jpg,29A46294,0,Ảnh gốc,1,29A-462.94,29A-462.94,0.9828656315803528,29A46294,29A46294,True,0,
055.jpg,29A46294,0,Ảnh CLAHE,1,29A-462.94,29A-462.94,0.9802541732788086,29A46294,29A46294,True,0,
055.jpg,29A46294,0,Ảnh Otsu,1,29A-462.94,29A-462.94,0.9625368118286133,29A46294,29A46294,True,0,
056.jpg,30F57808,0,Ảnh gốc,2,30F | 578.08,30F578.08,0.9365077614784241,30F57808,30F57808,True,0,
056.jpg,30F57808,0,Ảnh CLAHE,2,30F | 578.08,30F578.08,0.9664593935012817,30F57808,30F57808,True,0,
056.jpg,30F57808,0,Ảnh Otsu,2,30F | 578.03,30F578.03,0.8777791559696198,30F57803,30F57803,True,0,
057.jpg,30A74491,0,Ảnh gốc,2,30A | 744.91,30A744.91,0.9158002138137817,30A74491,30A74491,True,0,
057.jpg,30A74491,0,Ảnh CLAHE,0,,,0.0,,,False,0,
057.jpg,30A74491,0,Ảnh Otsu,2,3UA | 744.97,3UA744.97,0.8463506698608398,3UA74497,3UA74497,False,0,
058.jpg,30F77159,0,Ảnh gốc,1,30F-771.59,30F-771.59,0.9667784571647644,30F77159,30F77159,True,0,
058.jpg,30F77159,0,Ảnh CLAHE,1,30F-771.59,30F-771.59,0.9699710607528687,30F77159,30F77159,True,0,
058.jpg,30F77159,0,Ảnh Otsu,1,30F-771.59,30F-771.59,0.9625179171562195,30F77159,30F77159,True,0,
059.jpg,89A20061,0,Ảnh gốc,1,89A-200.61,89A-200.61,0.9446414113044739,89A20061,89A20061,True,0,
059.jpg,89A20061,0,Ảnh CLAHE,1,89A-200.61,89A-200.61,0.9687114953994751,89A20061,89A20061,True,0,
059.jpg,89A20061,0,Ảnh Otsu,1,89A-200.61,89A-200.61,0.9666086435317993,89A20061,89A20061,True,0,
060.jpg,51A64826,0,Ảnh gốc,1,51A648.26,51A648.26,0.9648963212966919,51A64826,51A64826,True,0,
060.jpg,51A64826,0,Ảnh CLAHE,1,51A648.26,51A648.26,0.9445160627365112,51A64826,51A64826,True,0,
060.jpg,51A64826,0,Ảnh Otsu,1,51A-648.26,51A-648.26,0.8891741633415222,51A64826,51A64826,True,0,
061.jpg,51F79512,0,Ảnh gốc,1,51F-795.12,51F-795.12,0.9777513742446899,51F79512,51F79512,True,0,
061.jpg,51F79512,0,Ảnh CLAHE,1,51F-795.12,51F-795.12,0.9682389497756958,51F79512,51F79512,True,0,
061.jpg,51F79512,0,Ảnh Otsu,1,"51F-795,12","51F-795,12",0.9017668962478638,51F79512,51F79512,True,0,
062.jpg,51F04275,0,Ảnh gốc,1,51F-042.75,51F-042.75,0.9284860491752625,51F04275,51F04275,True,0,
062.jpg,51F04275,0,Ảnh CLAHE,1,51F-042.75,51F-042.75,0.968558669090271,51F04275,51F04275,True,0,
062.jpg,51F04275,0,Ảnh Otsu,1,51F-042.75,51F-042.75,0.9714387059211731,51F04275,51F04275,True,0,
063.jpg,51F79512,0,Ảnh gốc,1,51F-795.12,51F-795.12,0.9783488512039185,51F79512,51F79512,True,0,
063.jpg,51F79512,0,Ảnh CLAHE,1,51F-795.12,51F-795.12,0.9842729568481445,51F79512,51F79512,True,0,
063.jpg,51F79512,0,Ảnh Otsu,1,51F-795.12,51F-795.12,0.986845850944519,51F79512,51F79512,True,0,
064.jpg,51A05227,0,Ảnh gốc,1,51A-052.27,51A-052.27,0.9656974077224731,51A05227,51A05227,True,0,
064.jpg,51A05227,0,Ảnh CLAHE,1,51A-052.27,51A-052.27,0.9564648866653442,51A05227,51A05227,True,0,
064.jpg,51A05227,0,Ảnh Otsu,1,51A-052.27,51A-052.27,0.9434502720832825,51A05227,51A05227,True,0,
065.jpg,51F06948,0,Ảnh gốc,1,51F-069.48,51F-069.48,0.9856175184249878,51F06948,51F06948,True,0,
065.jpg,51F06948,0,Ảnh CLAHE,1,51F-069.48,51F-069.48,0.9705390930175781,51F06948,51F06948,True,0,
065.jpg,51F06948,0,Ảnh Otsu,1,51-069.48,51-069.48,0.9111224412918091,5106948,51O6948,True,1,
066.jpg,51F24403,0,Ảnh gốc,1,51F-244.03,51F-244.03,0.974079430103302,51F24403,51F24403,True,0,
066.jpg,51F24403,0,Ảnh CLAHE,1,51F-244.03,51F-244.03,0.9813248515129089,51F24403,51F24403,True,0,
066.jpg,51F24403,0,Ảnh Otsu,1,51F-244.03,51F-244.03,0.9635472297668457,51F24403,51F24403,True,0,
067.jpg,51G51332,0,Ảnh gốc,1,51G-513.32,51G-513.32,0.9383050799369812,51G51332,51G51332,True,0,
067.jpg,51G51332,0,Ảnh CLAHE,1,51G-513.32,51G-513.32,0.9503795504570007,51G51332,51G51332,True,0,
067.jpg,51G51332,0,Ảnh Otsu,1,516-513.32,516-513.32,0.9776887893676758,51651332,51G51332,True,1,
068.jpg,51G44313,0,Ảnh gốc,1,51G-443.13,51G-443.13,0.9784172773361206,51G44313,51G44313,True,0,
068.jpg,51G44313,0,Ảnh CLAHE,1,51G-443.13,51G-443.13,0.9776849746704102,51G44313,51G44313,True,0,
068.jpg,51G44313,0,Ảnh Otsu,1,51G-443.13,51G-443.13,0.9361366033554077,51G44313,51G44313,True,0,
069.jpg,51F31118,0,Ảnh gốc,1,51F-311.18,51F-311.18,0.9854294657707214,51F31118,51F31118,True,0,
069.jpg,51F31118,0,Ảnh CLAHE,1,51F-311.18,51F-311.18,0.9787595868110657,51F31118,51F31118,True,0,
069.jpg,51F31118,0,Ảnh Otsu,1,51F-311.18,51F-311.18,0.9807227253913879,51F31118,51F31118,True,0,
070.jpg,56S4698,0,Ảnh gốc,1,56S-4698,56S-4698,0.950035572052002,56S4698,56S4698,True,0,
070.jpg,56S4698,0,Ảnh CLAHE,1,56S-4698,56S-4698,0.9613077044487,56S4698,56S4698,True,0,
070.jpg,56S4698,0,Ảnh Otsu,1,56S-4698,56S-4698,0.9000214338302612,56S4698,56S4698,True,0,
071.jpg,52Y6490,0,Ảnh gốc,1,52Y-6490,52Y-6490,0.9473533034324646,52Y6490,52Y6490,True,0,
071.jpg,52Y6490,0,Ảnh CLAHE,1,52Y-6490,52Y-6490,0.9655581116676331,52Y6490,52Y6490,True,0,
071.jpg,52Y6490,0,Ảnh Otsu,1,52Y-6490,52Y-6490,0.9646096229553223,52Y6490,52Y6490,True,0,
072.jpg,68C137520,0,Ảnh gốc,2,68-C1 | 375.20,68-C1375.20,0.9530460834503174,68C137520,68C137520,True,0,
072.jpg,68C137520,0,Ảnh CLAHE,2,68-C1 | 375.20,68-C1375.20,0.9065342843532562,68C137520,68C137520,True,0,
072.jpg,68C137520,0,Ảnh Otsu,2,68-C1 | 375.20,68-C1375.20,0.9072224795818329,68C137520,68C137520,True,0,
073.jpg,51A01204,0,Ảnh gốc,1,51A-012.04,51A-012.04,0.9688603281974792,51A01204,51A01204,True,0,
073.jpg,51A01204,0,Ảnh CLAHE,1,51A-012.04,51A-012.04,0.9511982202529907,51A01204,51A01204,True,0,
073.jpg,51A01204,0,Ảnh Otsu,1,51A-012.04,51A-012.04,0.948285698890686,51A01204,51A01204,True,0,
074.jpg,51A72110,0,Ảnh gốc,1,51A-721.10,51A-721.10,0.9617306590080261,51A72110,51A72110,True,0,
074.jpg,51A72110,0,Ảnh CLAHE,1,51A-721.10,51A-721.10,0.9559499621391296,51A72110,51A72110,True,0,
074.jpg,51A72110,0,Ảnh Otsu,1,51A72110,51A72110,0.99045729637146,51A72110,51A72110,True,0,
075.jpg,51G43630,0,Ảnh gốc,1,51G-436.30,51G-436.30,0.9571759104728699,51G43630,51G43630,True,0,
075.jpg,51G43630,0,Ảnh CLAHE,1,51G-436.30,51G-436.30,0.9193078279495239,51G43630,51G43630,True,0,
075.jpg,51G43630,0,Ảnh Otsu,1,516-436.30,516-436.30,0.9300850033760071,51643630,51G43630,True,1,
076.jpg,51F22261,0,Ảnh gốc,1,51F-222.61,51F-222.61,0.9584025144577026,51F22261,51F22261,True,0,
076.jpg,51F22261,0,Ảnh CLAHE,1,51F-222.61,51F-222.61,0.9618128538131714,51F22261,51F22261,True,0,
076.jpg,51F22261,0,Ảnh Otsu,1,51F-222.61,51F-222.61,0.9775297045707703,51F22261,51F22261,True,0,
077.jpg,48A05177,0,Ảnh gốc,1,48A-051.77,48A-051.77,0.9834986925125122,48A05177,48A05177,True,0,
077.jpg,48A05177,0,Ảnh CLAHE,1,48A-051.77,48A-051.77,0.981894850730896,48A05177,48A05177,True,0,
077.jpg,48A05177,0,Ảnh Otsu,1,48A-051.77,48A-051.77,0.9394933581352234,48A05177,48A05177,True,0,
078.jpg,51G50553,0,Ảnh gốc,1,51G-505.53,51G-505.53,0.9849128723144531,51G50553,51G50553,True,0,
078.jpg,51G50553,0,Ảnh CLAHE,1,51G-505.53,51G-505.53,0.9840496778488159,51G50553,51G50553,True,0,
078.jpg,51G50553,0,Ảnh Otsu,1,51G-505.53,51G-505.53,0.9357932209968567,51G50553,51G50553,True,0,
079.jpg,51F06532,0,Ảnh gốc,1,51F-065.32,51F-065.32,0.9831644892692566,51F06532,51F06532,True,0,
079.jpg,51F06532,0,Ảnh CLAHE,1,51F-065.32,51F-065.32,0.974345862865448,51F06532,51F06532,True,0,
079.jpg,51F06532,0,Ảnh Otsu,1,51F-065.32,51F-065.32,0.9254945516586304,51F06532,51F06532,True,0,
080.jpg,51A05227,0,Ảnh gốc,1,51A-052.27,51A-052.27,0.9614862203598022,51A05227,51A05227,True,0,
080.jpg,51A05227,0,Ảnh CLAHE,1,51A-052.27,51A-052.27,0.9686993360519409,51A05227,51A05227,True,0,
080.jpg,51A05227,0,Ảnh Otsu,1,51A-052.27,51A-052.27,0.9266067743301392,51A05227,51A05227,True,0,
081.jpg,51F63034,0,Ảnh gốc,1,51F-630.34,51F-630.34,0.943337082862854,51F63034,51F63034,True,0,
081.jpg,51F63034,0,Ảnh CLAHE,1,51F-630.34,51F-630.34,0.9559478759765625,51F63034,51F63034,True,0,
081.jpg,51F63034,0,Ảnh Otsu,1,51F-630.34,51F-630.34,0.9149036407470703,51F63034,51F63034,True,0,
082.jpg,60A03868,0,Ảnh gốc,1,60A-038.68,60A-038.68,0.9707342386245728,60A03868,60A03868,True,0,
082.jpg,60A03868,0,Ảnh CLAHE,1,60A-038.68,60A-038.68,0.9657605290412903,60A03868,60A03868,True,0,
082.jpg,60A03868,0,Ảnh Otsu,1,60A-038.68,60A-038.68,0.9684725999832153,60A03868,60A03868,True,0,
083.jpg,51G31691,0,Ảnh gốc,1,51G-316.91,51G-316.91,0.9548389315605164,51G31691,51G31691,True,0,
083.jpg,51G31691,0,Ảnh CLAHE,1,51G-316.91,51G-316.91,0.9661887288093567,51G31691,51G31691,True,0,
083.jpg,51G31691,0,Ảnh Otsu,1,516-316.91,516-316.91,0.9519564509391785,51631691,51G31691,True,1,
084.jpg,51F82606,0,Ảnh gốc,1,51F-826.06,51F-826.06,0.9493783116340637,51F82606,51F82606,True,0,
084.jpg,51F82606,0,Ảnh CLAHE,1,51F-826.06,51F-826.06,0.972787082195282,51F82606,51F82606,True,0,
084.jpg,51F82606,0,Ảnh Otsu,1,51F-826.06,51F-826.06,0.9496637582778931,51F82606,51F82606,True,0,
085.jpg,51F61712,0,Ảnh gốc,1,51F-617.12,51F-617.12,0.9775645136833191,51F61712,51F61712,True,0,
085.jpg,51F61712,0,Ảnh CLAHE,1,51F-617.12,51F-617.12,0.9417530298233032,51F61712,51F61712,True,0,
085.jpg,51F61712,0,Ảnh Otsu,1,51F-617.12,51F-617.12,0.9758455157279968,51F61712,51F61712,True,0,
086.jpg,51A96141,0,Ảnh gốc,1,51A-961.41,51A-961.41,0.9557196497917175,51A96141,51A96141,True,0,
086.jpg,51A96141,0,Ảnh CLAHE,1,51A-961.41,51A-961.41,0.9598086476325989,51A96141,51A96141,True,0,
086.jpg,51A96141,0,Ảnh Otsu,1,51A-961.41,51A-961.41,0.9218223690986633,51A96141,51A96141,True,0,
087.jpg,51G39466,0,Ảnh gốc,1,51G-394.66,51G-394.66,0.9472332000732422,51G39466,51G39466,True,0,
087.jpg,51G39466,0,Ảnh CLAHE,1,51G-394.66,51G-394.66,0.9574972987174988,51G39466,51G39466,True,0,
087.jpg,51G39466,0,Ảnh Otsu,1,51G-394.66,51G-394.66,0.919567883014679,51G39466,51G39466,True,0,
088.jpg,51F59011,0,Ảnh gốc,1,51F-590.11,51F-590.11,0.9845840334892273,51F59011,51F59011,True,0,
088.jpg,51F59011,0,Ảnh CLAHE,1,51F-590.11,51F-590.11,0.9755736589431763,51F59011,51F59011,True,0,
088.jpg,51F59011,0,Ảnh Otsu,1,51F-590.11,51F-590.11,0.9337974786758423,51F59011,51F59011,True,0,
089.jpg,51A69172,0,Ảnh gốc,1,51A-691.72,51A-691.72,0.9690566062927246,51A69172,51A69172,True,0,
089.jpg,51A69172,0,Ảnh CLAHE,1,51A-691.72,51A-691.72,0.9706134796142578,51A69172,51A69172,True,0,
089.jpg,51A69172,0,Ảnh Otsu,1,51A-691.72,51A-691.72,0.9524644613265991,51A69172,51A69172,True,0,
090.jpg,51G49160,0,Ảnh gốc,1,51G-491.60,51G-491.60,0.9149234890937805,51G49160,51G49160,True,0,
090.jpg,51G49160,0,Ảnh CLAHE,1,51G-491.60,51G-491.60,0.9014022946357727,51G49160,51G49160,True,0,
090.jpg,51G49160,0,Ảnh Otsu,1,516-491.60,516-491.60,0.9156526327133179,51649160,51G49160,True,1,
091.jpg,51G49160,0,Ảnh gốc,1,5G-491.60,5G-491.60,0.919204831123352,5G49160,56A9160,True,2,
091.jpg,51G49160,0,Ảnh CLAHE,1,5G-491.60,5G-491.60,0.9672053456306458,5G49160,56A9160,True,2,
091.jpg,51G49160,0,Ảnh Otsu,1,516491.60,516491.60,0.9071074724197388,51649160,51G49160,True,1,
092.jpg,51G47340,0,Ảnh gốc,1,51G-473.40,51G-473.40,0.909593403339386,51G47340,51G47340,True,0,
092.jpg,51G47340,0,Ảnh CLAHE,1,51G-473.40,51G-473.40,0.9263755679130554,51G47340,51G47340,True,0,
092.jpg,51G47340,0,Ảnh Otsu,1,51G-473.40,51G-473.40,0.910655677318573,51G47340,51G47340,True,0,
093.jpg,51A77529,0,Ảnh gốc,1,51A-775.29,51A-775.29,0.9628092050552368,51A77529,51A77529,True,0,
093.jpg,51A77529,0,Ảnh CLAHE,1,51A-775.29,51A-775.29,0.9518610835075378,51A77529,51A77529,True,0,
093.jpg,51A77529,0,Ảnh Otsu,1,51A-775.29,51A-775.29,0.9590209722518921,51A77529,51A77529,True,0,
094.jpg,51F88270,0,Ảnh gốc,1,51F-882.70,51F-882.70,0.9784523248672485,51F88270,51F88270,True,0,
094.jpg,51F88270,0,Ảnh CLAHE,1,51F-882.70,51F-882.70,0.9639348983764648,51F88270,51F88270,True,0,
094.jpg,51F88270,0,Ảnh Otsu,1,51F-882.70,51F-882.70,0.9555225372314453,51F88270,51F88270,True,0,
095.jpg,30E00090,0,Ảnh gốc,1,30E-000.90,30E-000.90,0.9888854026794434,30E00090,30E00090,True,0,
095.jpg,30E00090,0,Ảnh CLAHE,1,30E-000.90,30E-000.90,0.9857445955276489,30E00090,30E00090,True,0,
095.jpg,30E00090,0,Ảnh Otsu,1,30E-000.90,30E-000.90,0.9821593165397644,30E00090,30E00090,True,0,
096.jpg,29A23950,0,Ảnh gốc,1,29A-239.50,29A-239.50,0.9678050875663757,29A23950,29A23950,True,0,
096.jpg,29A23950,0,Ảnh CLAHE,1,29A-239.50,29A-239.50,0.9684438705444336,29A23950,29A23950,True,0,
096.jpg,29A23950,0,Ảnh Otsu,1,29-239.50,29-239.50,0.9663063883781433,2923950,29Z3950,True,1,
097.jpg,51G48154,0,Ảnh gốc,1,51G-481.54,51G-481.54,0.9755852818489075,51G48154,51G48154,True,0,
097.jpg,51G48154,0,Ảnh CLAHE,1,51G-481.54,51G-481.54,0.9775684475898743,51G48154,51G48154,True,0,
097.jpg,51G48154,0,Ảnh Otsu,1,516-481.54,516-481.54,0.9359755516052246,51648154,51G48154,True,1,
098.jpg,51F58214,0,Ảnh gốc,1,51F-58214,51F-58214,0.9843928217887878,51F58214,51F58214,True,0,
098.jpg,51F58214,0,Ảnh CLAHE,1,51F-582.14,51F-582.14,0.9416266679763794,51F58214,51F58214,True,0,
098.jpg,51F58214,0,Ảnh Otsu,1,51F-582.14,51F-582.14,0.8909670114517212,51F58214,51F58214,True,0,
099.jpg,51F22261,0,Ảnh gốc,1,51F-222.61,51F-222.61,0.9567425847053528,51F22261,51F22261,True,0,
099.jpg,51F22261,0,Ảnh CLAHE,1,51F-22261,51F-22261,0.9797396063804626,51F22261,51F22261,True,0,
099.jpg,51F22261,0,Ảnh Otsu,1,51F-22261,51F-22261,0.9841823577880859,51F22261,51F22261,True,0,
100.jpg,60A35981,0,Ảnh gốc,1,60A-359.81,60A-359.81,0.9824457168579102,60A35981,60A35981,True,0,
100.jpg,60A35981,0,Ảnh CLAHE,1,60A-359.81,60A-359.81,0.981326699256897,60A35981,60A35981,True,0,
100.jpg,60A35981,0,Ảnh Otsu,1,60A-359.81,60A-359.81,0.9580463171005249,60A35981,60A35981,True,0,
101.jpg,51F07973,0,Ảnh gốc,1,51F-079.73,51F-079.73,0.9144159555435181,51F07973,51F07973,True,0,
101.jpg,51F07973,0,Ảnh CLAHE,1,51F-079.73,51F-079.73,0.9247387051582336,51F07973,51F07973,True,0,
101.jpg,51F07973,0,Ảnh Otsu,1,51F-079.73,51F-079.73,0.9167981147766113,51F07973,51F07973,True,0,
102.jpg,51F15585,0,Ảnh gốc,1,51F-155.85,51F-155.85,0.9499610066413879,51F15585,51F15585,True,0,
102.jpg,51F15585,0,Ảnh CLAHE,1,51F-155.85,51F-155.85,0.9493032693862915,51F15585,51F15585,True,0,
102.jpg,51F15585,0,Ảnh Otsu,1,51F155.85,51F155.85,0.9454064965248108,51F15585,51F15585,True,0,
103.jpg,51G20536,0,Ảnh gốc,1,51G-205.36,51G-205.36,0.969672679901123,51G20536,51G20536,True,0,
103.jpg,51G20536,0,Ảnh CLAHE,1,51G-205.36,51G-205.36,0.9820863008499146,51G20536,51G20536,True,0,
103.jpg,51G20536,0,Ảnh Otsu,1,51G-205.36,51G-205.36,0.9551624059677124,51G20536,51G20536,True,0,
104.jpg,50Z0618,0,Ảnh gốc,1,50Z-0618,50Z-0618,0.9521958827972412,50Z0618,50Z0618,True,0,
104.jpg,50Z0618,0,Ảnh CLAHE,1,50Z-0618,50Z-0618,0.9511077404022217,50Z0618,50Z0618,True,0,
104.jpg,50Z0618,0,Ảnh Otsu,1,50Z-0618,50Z-0618,0.9561218023300171,50Z0618,50Z0618,True,0,
105.jpg,51F07568,0,Ảnh gốc,1,51F-075.68,51F-075.68,0.9667865633964539,51F07568,51F07568,True,0,
105.jpg,51F07568,0,Ảnh CLAHE,1,51F-075.68,51F-075.68,0.9760823249816895,51F07568,51F07568,True,0,
105.jpg,51F07568,0,Ảnh Otsu,1,51F-075.68,51F-075.68,0.9331074953079224,51F07568,51F07568,True,0,
106.jpg,51F88270,0,Ảnh gốc,1,51F-882.70,51F-882.70,0.9863071441650391,51F88270,51F88270,True,0,
106.jpg,51F88270,0,Ảnh CLAHE,1,51F-882.70,51F-882.70,0.9783417582511902,51F88270,51F88270,True,0,
106.jpg,51F88270,0,Ảnh Otsu,1,51F-882.70,51F-882.70,0.94258052110672,51F88270,51F88270,True,0,
107.jpg,51F86988,0,Ảnh gốc,1,51F-869.88,51F-869.88,0.9805901646614075,51F86988,51F86988,True,0,
107.jpg,51F86988,0,Ảnh CLAHE,1,51F-869.88,51F-869.88,0.9757797122001648,51F86988,51F86988,True,0,
107.jpg,51F86988,0,Ảnh Otsu,1,51F-869.88,51F-869.88,0.9388939142227173,51F86988,51F86988,True,0,
108.jpg,51F15585,0,Ảnh gốc,1,51F-155.85,51F-155.85,0.9806445837020874,51F15585,51F15585,True,0,
108.jpg,51F15585,0,Ảnh CLAHE,1,51F-155.85,51F-155.85,0.982930064201355,51F15585,51F15585,True,0,
108.jpg,51F15585,0,Ảnh Otsu,1,51F-155.05,51F-155.05,0.8998514413833618,51F15505,51F15505,True,0,
109.jpg,30V3993,0,Ảnh gốc,1,30V-3993,30V-3993,0.9871817231178284,30V3993,30V3993,True,0,
109.jpg,30V3993,0,Ảnh CLAHE,1,30V-3993,30V-3993,0.9848718643188477,30V3993,30V3993,True,0,
109.jpg,30V3993,0,Ảnh Otsu,1,30V-3993,30V-3993,0.9801578521728516,30V3993,30V3993,True,0,
110.jpg,51F31118,0,Ảnh gốc,1,51F-311.18,51F-311.18,0.9790072441101074,51F31118,51F31118,True,0,
110.jpg,51F31118,0,Ảnh CLAHE,1,51F-311.18,51F-311.18,0.9316625595092773,51F31118,51F31118,True,0,
110.jpg,51F31118,0,Ảnh Otsu,1,51F-311.18,51F-311.18,0.9786126017570496,51F31118,51F31118,True,0,
111.jpg,51A85325,0,Ảnh gốc,1,51A-853.25,51A-853.25,0.9720929265022278,51A85325,51A85325,True,0,
111.jpg,51A85325,0,Ảnh CLAHE,1,51A-853.25,51A-853.25,0.9790700078010559,51A85325,51A85325,True,0,
111.jpg,51A85325,0,Ảnh Otsu,1,51A-853.25,51A-853.25,0.9547470808029175,51A85325,51A85325,True,0,
112.jpg,51A01204,0,Ảnh gốc,1,51A-012.04,51A-012.04,0.9618245959281921,51A01204,51A01204,True,0,
112.jpg,51A01204,0,Ảnh CLAHE,1,51A-012.04,51A-012.04,0.9447808265686035,51A01204,51A01204,True,0,
112.jpg,51A01204,0,Ảnh Otsu,1,51A-012.04,51A-012.04,0.9399770498275757,51A01204,51A01204,True,0,
113.jpg,59M190977,0,Ảnh gốc,2,59-M1 | 909.77,59-M1909.77,0.9388206899166107,59M190977,59M190977,True,0,
113.jpg,59M190977,0,Ảnh CLAHE,2,59-M1 | 909.77,59-M1909.77,0.9135930240154266,59M190977,59M190977,True,0,
113.jpg,59M190977,0,Ảnh Otsu,2,59-11 | 909.77,59-11909.77,0.9223734140396118,591190977,59I190977,True,1,
114.jpg,59E113417,0,Ảnh gốc,2,59-E1 | 134.17,59-E1134.17,0.9656344652175903,59E113417,59E113417,True,0,
114.jpg,59E113417,0,Ảnh CLAHE,2,59-E1 | 134.17,59-E1134.17,0.9452693164348602,59E113417,59E113417,True,0,
114.jpg,59E113417,0,Ảnh Otsu,2,59 E1 | 134.17],59 E1134.17],0.8943335711956024,59E113417,59E113417,True,0,
115.jpg,63B957926,0,Ảnh gốc,2,63-89 | 579.26,63-89579.26,0.8994655907154083,638957926,63B957926,True,1,
115.jpg,63B957926,0,Ảnh CLAHE,2,63-89 | 579.26,63-89579.26,0.9356963038444519,638957926,63B957926,True,1,
115.jpg,63B957926,0,Ảnh Otsu,2,63.89 | 579.26,63.89579.26,0.9247867465019226,638957926,63B957926,True,1,
116.jpg,59V107473,0,Ảnh gốc,2,59-V1 | 074.73,59-V1074.73,0.9385985136032104,59V107473,59V107473,True,0,
116.jpg,59V107473,0,Ảnh CLAHE,2,59-V1 | 074.73,59-V1074.73,0.9208288788795471,59V107473,59V107473,True,0,
116.jpg,59V107473,0,Ảnh Otsu,2,591 | 074.73,591074.73,0.9861698746681213,59107473,59I07473,True,1,
117.jpg,59C100507,0,Ảnh gốc,2,59-C1 | 005.07,59-C1005.07,0.9410183429718018,59C100507,59C100507,True,0,
117.jpg,59C100507,0,Ảnh CLAHE,2,59-C1 | 005.07,59-C1005.07,0.9640021026134491,59C100507,59C100507,True,0,
117.jpg,59C100507,0,Ảnh Otsu,2,59:C1 | 005.07,59:C1005.07,0.883459061384201,59C100507,59C100507,True,0,
118.jpg,84K34900,0,Ảnh gốc,2,84-K3 | 4900,84-K34900,0.881435751914978,84K34900,84K34900,True,0,
118.jpg,84K34900,0,Ảnh CLAHE,0,,,0.0,,,False,0,
118.jpg,84K34900,0,Ảnh Otsu,2,84.33 | 4900,84.334900,0.7905904650688171,84334900,84334900,False,0,
119.jpg,59B135199,0,Ảnh gốc,2,59-B1 | 351.99,59-B1351.99,0.9226283133029938,59B135199,59B135199,True,0,
119.jpg,59B135199,0,Ảnh CLAHE,2,59-B1 | 351.99,59-B1351.99,0.9318113029003143,59B135199,59B135199,True,0,
119.jpg,59B135199,0,Ảnh Otsu,2,59-81 | 351.99,59-81351.99,0.9089219868183136,598135199,59B135199,True,1,
120.jpg,51L41138,0,Ảnh gốc,2,51-L4 | 1138,51-L41138,0.9395574629306793,51L41138,51L41138,True,0,
120.jpg,51L41138,0,Ảnh CLAHE,2,51-L4 | 1138,51-L41138,0.963523268699646,51L41138,51L41138,True,0,
120.jpg,51L41138,0,Ảnh Otsu,2,51-14 | 1138,51-141138,0.8729872405529022,51141138,51I41138,True,1,
121.jpg,59V216023,0,Ảnh gốc,2,59-V2 | 160.23,59-V2160.23,0.9309958815574646,59V216023,59V216023,True,0,
121.jpg,59V216023,0,Ảnh CLAHE,2,59-V2 | 160.23,59-V2160.23,0.9432312548160553,59V216023,59V216023,True,0,
121.jpg,59V216023,0,Ảnh Otsu,2,59-V2 | 160.23,59-V2160.23,0.9427668750286102,59V216023,59V216023,True,0,
122.jpg,65F131532,0,Ảnh gốc,2,65-F1 | 315.32,65-F1315.32,0.9229594469070435,65F131532,65F131532,True,0,
122.jpg,65F131532,0,Ảnh CLAHE,2,65.F1 | 315.32,65.F1315.32,0.9272704422473907,65F131532,65F131532,True,0,
122.jpg,65F131532,0,Ảnh Otsu,2,65-F1 | 315.37,65-F1315.37,0.9029256999492645,65F131537,65F131537,True,0,
123.jpg,59F138151,0,Ảnh gốc,2,59-F1 | 381.51,59-F1381.51,0.9350478053092957,59F138151,59F138151,True,0,
123.jpg,59F138151,0,Ảnh CLAHE,2,59-F1 | 381.51,59-F1381.51,0.9408796429634094,59F138151,59F138151,True,0,
123.jpg,59F138151,0,Ảnh Otsu,2,59-F1 | 381.51,59-F1381.51,0.9584267139434814,59F138151,59F138151,True,0,
124.jpg,59F120158,0,Ảnh gốc,2,59-F1 | 201.58,59-F1201.58,0.9380001127719879,59F120158,59F120158,True,0,
124.jpg,59F120158,0,Ảnh CLAHE,2,59-F1 | 201.58,59-F1201.58,0.9455491304397583,59F120158,59F120158,True,0,
124.jpg,59F120158,0,Ảnh Otsu,2,59 F1 | 201.58,59 F1201.58,0.9255202114582062,59F120158,59F120158,True,0,
125.jpg,47B142872,0,Ảnh gốc,2,47-81 | 428.72,47-81428.72,0.880366325378418,478142872,47B142872,True,1,
125.jpg,47B142872,0,Ảnh CLAHE,2,47-81 | 428.72,47-81428.72,0.8658099174499512,478142872,47B142872,True,1,
125.jpg,47B142872,0,Ảnh Otsu,2,47-81 | 428.72,47-81428.72,0.9195347726345062,478142872,47B142872,True,1,
126.jpg,59G133671,0,Ảnh gốc,2,59-G1 | 336.71,59-G1336.71,0.9074790179729462,59G133671,59G133671,True,0,
126.jpg,59G133671,0,Ảnh CLAHE,2,59-G1 | 336.71,59-G1336.71,0.9143939316272736,59G133671,59G133671,True,0,
126.jpg,59G133671,0,Ảnh Otsu,2,59-G1 | 336.71,59-G1336.71,0.9377015829086304,59G133671,59G133671,True,0,
127.jpg,82K37689,0,Ảnh gốc,2,82-K3 | 7689.,82-K37689.,0.9001557230949402,82K37689,82K37689,True,0,
127.jpg,82K37689,0,Ảnh CLAHE,2,02-K3 | 7689.,02-K37689.,0.8951489925384521,02K37689,02K37689,False,0,
127.jpg,82K37689,0,Ảnh Otsu,2,02-K3 | 7689,02-K37689,0.8725785911083221,02K37689,02K37689,False,0,
128.jpg,59L184759,0,Ảnh gốc,2,59-L1 | 847.59,59-L1847.59,0.9131951034069061,59L184759,59L184759,True,0,
128.jpg,59L184759,0,Ảnh CLAHE,2,59-L1 | 847.59,59-L1847.59,0.9315925240516663,59L184759,59L184759,True,0,
128.jpg,59L184759,0,Ảnh Otsu,2,59-L7 | 847.59,59-L7847.59,0.9058256447315216,59L784759,59L784759,True,0,
129.jpg,54T30255,0,Ảnh gốc,2,54-T3 | 0255,54-T30255,0.933338850736618,54T30255,54T30255,True,0,
129.jpg,54T30255,0,Ảnh CLAHE,2,54-T3 | 0255,54-T30255,0.9259977340698242,54T30255,54T30255,True,0,
129.jpg,54T30255,0,Ảnh Otsu,2,54 13 | 0255,54 130255,0.8576332032680511,54130255,54I30255,True,1,
130.jpg,54S89169,0,Ảnh gốc,2,54-S8 | 9169,54-S89169,0.9092223346233368,54S89169,54S89169,True,0,
130.jpg,54S89169,0,Ảnh CLAHE,2,54-S8 | 9169,54-S89169,0.9062468111515045,54S89169,54S89169,True,0,
130.jpg,54S89169,0,Ảnh Otsu,2,(54-58 | (9169,(54-58(9169,0.830113559961319,54589169,54S89169,True,1,
131.jpg,59T161654,0,Ảnh gốc,2,59-11 | 616.54,59-11616.54,0.9231367409229279,591161654,59I161654,True,1,
131.jpg,59T161654,0,Ảnh CLAHE,2,59-11 | 616.54,59-11616.54,0.9424549043178558,591161654,59I161654,True,1,
131.jpg,59T161654,0,Ảnh Otsu,2,59- T1 | 616.54,59- T1616.54,0.9229134917259216,59T161654,59T161654,True,0,
132.jpg,60B628032,0,Ảnh gốc,2,60-B6 | 280.32,60-B6280.32,0.9167446196079254,60B628032,60B628032,True,0,
132.jpg,60B628032,0,Ảnh CLAHE,2,60-86 | 280.32,60-86280.32,0.8960350453853607,608628032,60B628032,True,1,
132.jpg,60B628032,0,Ảnh Otsu,2,50-86 | 280.32,50-86280.32,0.8742417991161346,508628032,50B628032,True,1,
133.jpg,59S115133,0,Ảnh gốc,2,59-S1 | 151.33,59-S1151.33,0.8906348943710327,59S115133,59S115133,True,0,
133.jpg,59S115133,0,Ảnh CLAHE,2,59-S1 | 151.33,59-S1151.33,0.92113396525383,59S115133,59S115133,True,0,
133.jpg,59S115133,0,Ảnh Otsu,2,59-S1 | 151.33,59-S1151.33,0.8585308194160461,59S115133,59S115133,True,0,
134.jpg,59V243654,0,Ảnh gốc,2,59-V2 | 436.54,59-V2436.54,0.9385016858577728,59V243654,59V243654,True,0,
134.jpg,59V243654,0,Ảnh CLAHE,2,59-V2 | 436.54,59-V2436.54,0.9370483458042145,59V243654,59V243654,True,0,
134.jpg,59V243654,0,Ảnh Otsu,2,59-V2 | 436.54,59-V2436.54,0.8933310210704803,59V243654,59V243654,True,0,
135.jpg,59L159150,0,Ảnh gốc,2,59-L1 | 591.50,59-L1591.50,0.9251106977462769,59L159150,59L159150,True,0,
135.jpg,59L159150,0,Ảnh CLAHE,2,59-L1 | 591.50,59-L1591.50,0.9472123086452484,59L159150,59L159150,True,0,
135.jpg,59L159150,0,Ảnh Otsu,2,59.11 | 59150,59.1159150,0.8915188610553741,591159150,59I159150,True,1,
136.jpg,59E168785,0,Ảnh gốc,2,59-E1 | 687.85,59-E1687.85,0.9197661280632019,59E168785,59E168785,True,0,
136.jpg,59E168785,0,Ảnh CLAHE,2,59-E1 | 687.85,59-E1687.85,0.9120504260063171,59E168785,59E168785,True,0,
136.jpg,59E168785,0,Ảnh Otsu,2,59-E1 | 607.05,59-E1607.05,0.8949666619300842,59E160705,59E160705,True,0,
137.jpg,59L194176,0,Ảnh gốc,2,59-L1 | 941.76,59-L1941.76,0.9718197286128998,59L194176,59L194176,True,0,
137.jpg,59L194176,0,Ảnh CLAHE,2,59-L1 | 941.76,59-L1941.76,0.9461016952991486,59L194176,59L194176,True,0,
137.jpg,59L194176,0,Ảnh Otsu,2,59-L1 | 94176,59-L194176,0.9146764874458313,59L194176,59L194176,True,0,
138.jpg,70B155132,0,Ảnh gốc,2,70-81 | 551.32,70-81551.32,0.925206333398819,708155132,70B155132,True,1,
138.jpg,70B155132,0,Ảnh CLAHE,2,70-81 | 551.32,70-81551.32,0.9341644942760468,708155132,70B155132,True,1,
138.jpg,70B155132,0,Ảnh Otsu,2,7r R1 | 551.32,7r R1551.32,0.8302334249019623,7RR155132,7RR155132,False,0,
139.jpg,60B325220,0,Ảnh gốc,2,60-B3 | 252.20,60-B3252.20,0.937774658203125,60B325220,60B325220,True,0,
139.jpg,60B325220,0,Ảnh CLAHE,2,60-B3 | 252.20,60-B3252.20,0.909771591424942,60B325220,60B325220,True,0,
139.jpg,60B325220,0,Ảnh Otsu,2,60-83 | [252.20],60-83[252.20],0.8483027815818787,608325220,60B325220,True,1,
140.jpg,50N107428,0,Ảnh gốc,2,50-N1 | 074.28,50-N1074.28,0.9318189024925232,50N107428,50N107428,True,0,
140.jpg,50N107428,0,Ảnh CLAHE,2,50-N1 | 074.28,50-N1074.28,0.9748528599739075,50N107428,50N107428,True,0,
140.jpg,50N107428,0,Ảnh Otsu,2,50-N1 | 074.28,50-N1074.28,0.9404771029949188,50N107428,50N107428,True,0,
141.jpg,55P62004,0,Ảnh gốc,2,55-P6 | 2004,55-P62004,0.9738219082355499,55P62004,55P62004,True,0,
141.jpg,55P62004,0,Ảnh CLAHE,2,55-P6 | 2004,55-P62004,0.9748745560646057,55P62004,55P62004,True,0,
141.jpg,55P62004,0,Ảnh Otsu,2,55 P6 | 2004,55 P62004,0.9647756516933441,55P62004,55P62004,True,0,
142.jpg,81B126810,0,Ảnh gốc,2,81-B1 | 268.10,81-B1268.10,0.8601906299591064,81B126810,81B126810,True,0,
142.jpg,81B126810,0,Ảnh CLAHE,0,,,0.0,,,False,0,
142.jpg,81B126810,0,Ảnh Otsu,2,81-81 | 268.10,81-81268.10,0.8959150612354279,818126810,81B126810,True,1,
143.jpg,59T138506,0,Ảnh gốc,2,59-11 | 385.06,59-11385.06,0.9001484513282776,591138506,59I138506,True,1,
143.jpg,59T138506,0,Ảnh CLAHE,2,59.11 | 385.06,59.11385.06,0.9324880838394165,591138506,59I138506,True,1,
143.jpg,59T138506,0,Ảnh Otsu,2,59 T1 | 385.06,59 T1385.06,0.9874909818172455,59T138506,59T138506,True,0,
144.jpg,95P26027,0,Ảnh gốc,2,95-P2 | 6027,95-P26027,0.9411538243293762,95P26027,95P26027,True,0,
144.jpg,95P26027,0,Ảnh CLAHE,2,95-P2 | 6027,95-P26027,0.954793244600296,95P26027,95P26027,True,0,
144.jpg,95P26027,0,Ảnh Otsu,2,95.P2 | 6027,95.P26027,0.9310014247894287,95P26027,95P26027,True,0,
145.jpg,51U83423,0,Ảnh gốc,2,51-U8- | 3423,51-U8-3423,0.9269659221172333,51U83423,51U83423,True,0,
145.jpg,51U83423,0,Ảnh CLAHE,2,51-U8 | 3423,51-U83423,0.9697618186473846,51U83423,51U83423,True,0,
145.jpg,51U83423,0,Ảnh Otsu,2,5110 | 3423,51103423,0.7226519286632538,51103423,51I03423,True,1,
146.jpg,59S110393,0,Ảnh gốc,2,59-S1 | 103.93,59-S1103.93,0.9510220885276794,59S110393,59S110393,True,0,
146.jpg,59S110393,0,Ảnh CLAHE,2,59-S1 | 103.93,59-S1103.93,0.9086174666881561,59S110393,59S110393,True,0,
146.jpg,59S110393,0,Ảnh Otsu,2,59 $1 | 103.93,59 $1103.93,0.9838573932647705,59110393,59I10393,True,1,
147.jpg,66L135224,0,Ảnh gốc,2,66-1 | 352.24,66-1352.24,0.9188978970050812,66135224,66I35224,True,1,
147.jpg,66L135224,0,Ảnh CLAHE,2,66-L1 | 352.24,66-L1352.24,0.942986935377121,66L135224,66L135224,True,0,
147.jpg,66L135224,0,Ảnh Otsu,2,66 L1 | 352.24,66 L1352.24,0.9834348857402802,66L135224,66L135224,True,0,
148.jpg,69U13670,0,Ảnh gốc,2,69-U1 | 3670,69-U13670,0.9292384386062622,69U13670,69U13670,True,0,
148.jpg,69U13670,0,Ảnh CLAHE,2,69-U1 | 3670,69-U13670,0.9350249469280243,69U13670,69U13670,True,0,
148.jpg,69U13670,0,Ảnh Otsu,2,59 U1 | 3670,59 U13670,0.9714442491531372,59U13670,59U13670,True,0,
149.jpg,59H167791,0,Ảnh gốc,2,59-H1 | 677.91,59-H1677.91,0.945699155330658,59H167791,59H167791,True,0,
149.jpg,59H167791,0,Ảnh CLAHE,2,59-H1 | 677.91,59-H1677.91,0.9282249510288239,59H167791,59H167791,True,0,
149.jpg,59H167791,0,Ảnh Otsu,2,59 H1 | 677.91,59 H1677.91,0.9555043578147888,59H167791,59H167791,True,0,
150.jpg,78D108469,0,Ảnh gốc,2,78-01 | 084.69,78-01084.69,0.9418468475341797,780108469,78O108469,True,1,
150.jpg,78D108469,0,Ảnh CLAHE,2,78-01 | 084.69,78-01084.69,0.9025305807590485,780108469,78O108469,True,1,
150.jpg,78D108469,0,Ảnh Otsu,2,78-D1 | 084.69,78-D1084.69,0.9086586534976959,78D108469,78D108469,True,0,
151.jpg,52U62655,0,Ảnh gốc,2,52-U6 | 2655,52-U62655,0.9548912048339844,52U62655,52U62655,True,0,
151.jpg,52U62655,0,Ảnh CLAHE,2,52-U6 | 2655,52-U62655,0.9455671608448029,52U62655,52U62655,True,0,
151.jpg,52U62655,0,Ảnh Otsu,2,52.U6 | 2655,52.U62655,0.916766494512558,52U62655,52U62655,True,0,
152.jpg,77L100895,0,Ảnh gốc,2,77-L1 | 0008.95,77-L10008.95,0.8988456428050995,77L1000895,77L1000895,True,0,
152.jpg,77L100895,0,Ảnh CLAHE,2,77-L1 | 008.95,77-L1008.95,0.936456948518753,77L100895,77L100895,True,0,
152.jpg,77L100895,0,Ảnh Otsu,2,77-11 | 008.95,77-11008.95,0.8687203526496887,771100895,77I100895,True,1,
153.jpg,59FA00591,0,Ảnh gốc,2,59-FA | 005.91,59-FA005.91,0.9782463014125824,59FA00591,59FA00591,True,0,
153.jpg,59FA00591,0,Ảnh CLAHE,2,59-FA | 005.91,59-FA005.91,0.9672776758670807,59FA00591,59FA00591,True,0,
153.jpg,59FA00591,0,Ảnh Otsu,2,59-FA | 005.91,59-FA005.91,0.9512011110782623,59FA00591,59FA00591,True,0,
154.jpg,54P28057,0,Ảnh gốc,2,54-P2 | 8057,54-P28057,0.9655937552452087,54P28057,54P28057,True,0,
154.jpg,54P28057,0,Ảnh CLAHE,2,54-P2 | 8057,54-P28057,0.9704194068908691,54P28057,54P28057,True,0,
154.jpg,54P28057,0,Ảnh Otsu,2,54-P2 | 8057,54-P28057,0.9331673979759216,54P28057,54P28057,True,0,
155.jpg,52F33586,0,Ảnh gốc,2,52-F3 | 3586,52-F33586,0.9534744620323181,52F33586,52F33586,True,0,
155.jpg,52F33586,0,Ảnh CLAHE,2,52-F3 | 3586,52-F33586,0.975479930639267,52F33586,52F33586,True,0,
155.jpg,52F33586,0,Ảnh Otsu,2,52-F3 | 3586,52-F33586,0.9604057967662811,52F33586,52F33586,True,0,
156.jpg,59M161406,0,Ảnh gốc,2,59-M1 | 614.06,59-M1614.06,0.8597843050956726,59M161406,59M161406,True,0,
156.jpg,59M161406,0,Ảnh CLAHE,2,59-M1 | 614.06,59-M1614.06,0.8972793817520142,59M161406,59M161406,True,0,
156.jpg,59M161406,0,Ảnh Otsu,2,59-M1 | .614.06,59-M1.614.06,0.909131646156311,59M161406,59M161406,True,0,
157.jpg,61D112878,0,Ảnh gốc,2,61-01 | 128.78,61-01128.78,0.9049575626850128,610112878,61O112878,True,1,
157.jpg,61D112878,0,Ảnh CLAHE,2,61-D1 | 128.78,61-D1128.78,0.9079715013504028,61D112878,61D112878,True,0,
157.jpg,61D112878,0,Ảnh Otsu,2,61-01 | 128.70,61-01128.70,0.8557524681091309,610112870,61O112870,True,1,
158.jpg,49L101241,0,Ảnh gốc,2,49-L1 | 012.41,49-L1012.41,0.9353251457214355,49L101241,49L101241,True,0,
158.jpg,49L101241,0,Ảnh CLAHE,2,49-L1 | 012.41,49-L1012.41,0.965024471282959,49L101241,49L101241,True,0,
158.jpg,49L101241,0,Ảnh Otsu,2,49-11 | 012.41,49-11012.41,0.943212240934372,491101241,49I101241,True,1,
159.jpg,59E102993,0,Ảnh gốc,2,59-1 | 029.93,59-1029.93,0.9399101734161377,59102993,59I02993,True,1,
159.jpg,59E102993,0,Ảnh CLAHE,2,59-E1 | 029.93,59-E1029.93,0.9045103192329407,59E102993,59E102993,True,0,
159.jpg,59E102993,0,Ảnh Otsu,2,59-E1 | 029.93,59-E1029.93,0.9766642153263092,59E102993,59E102993,True,0,
160.jpg,60C135331,0,Ảnh gốc,2,60-C1 | 353.31,60-C1353.31,0.9274623095989227,60C135331,60C135331,True,0,
160.jpg,60C135331,0,Ảnh CLAHE,2,60-C1 | 353.31,60-C1353.31,0.8947288393974304,60C135331,60C135331,True,0,
160.jpg,60C135331,0,Ảnh Otsu,2,$0-[1 | 35331,$0-[135331,0.8515216410160065,0135331,0135331,False,0,
161.jpg,59H115793,0,Ảnh gốc,2,59-H1 | 157.93,59-H1157.93,0.8861086070537567,59H115793,59H115793,True,0,
161.jpg,59H115793,0,Ảnh CLAHE,2,59-H1 | 157.93,59-H1157.93,0.9366789162158966,59H115793,59H115793,True,0,
161.jpg,59H115793,0,Ảnh Otsu,2,159H1 | 157.93,159H1157.93,0.8472300469875336,159H115793,159H115793,False,0,
162.jpg,59X275198,0,Ảnh gốc,2,59-X2 | 751.98,59-X2751.98,0.9317111074924469,59X275198,59X275198,True,0,
162.jpg,59X275198,0,Ảnh CLAHE,2,59-X2 | 751.98,59-X2751.98,0.9102782309055328,59X275198,59X275198,True,0,
162.jpg,59X275198,0,Ảnh Otsu,2,59-12 | 751.98,59-12751.98,0.9514885544776917,591275198,59I275198,True,1,
163.jpg,54R30018,0,Ảnh gốc,2,54-R3 | 0018,54-R30018,0.9642865657806396,54R30018,54R30018,True,0,
163.jpg,54R30018,0,Ảnh CLAHE,2,54-R3 | 0018,54-R30018,0.9868117272853851,54R30018,54R30018,True,0,
163.jpg,54R30018,0,Ảnh Otsu,2,54-R3 | 0018,54-R30018,0.9801794588565826,54R30018,54R30018,True,0,
164.jpg,59D150216,0,Ảnh gốc,2,59-D1 | 502.16,59-D1502.16,0.9336605668067932,59D150216,59D150216,True,0,
164.jpg,59D150216,0,Ảnh CLAHE,2,59-D1 | 502.16,59-D1502.16,0.9286185503005981,59D150216,59D150216,True,0,
164.jpg,59D150216,0,Ảnh Otsu,2,59 D1 | 502.16,59 D1502.16,0.929506927728653,59D150216,59D150216,True,0,
165.jpg,54U54316,0,Ảnh gốc,2,54-U5 | 4316,54-U54316,0.929717630147934,54U54316,54U54316,True,0,
165.jpg,54U54316,0,Ảnh CLAHE,2,54-U5 | 4316,54-U54316,0.9423379302024841,54U54316,54U54316,True,0,
165.jpg,54U54316,0,Ảnh Otsu,2,1 54-U5 | 4316,1 54-U54316,0.9113497138023376,154U54316,15AU54316,True,1,
166.jpg,59V204212,0,Ảnh gốc,2,59-V2 | 042.12,59-V2042.12,0.8995517790317535,59V204212,59V204212,True,0,
166.jpg,59V204212,0,Ảnh CLAHE,2,59-V2 | 042.12,59-V2042.12,0.9160471856594086,59V204212,59V204212,True,0,
166.jpg,59V204212,0,Ảnh Otsu,2,59.12 | 042.12],59.12042.12],0.8452240824699402,591204212,59I204212,True,1,
167.jpg,59K122323,0,Ảnh gốc,2,59-K1 | 223.23,59-K1223.23,0.9439764320850372,59K122323,59K122323,True,0,
167.jpg,59K122323,0,Ảnh CLAHE,2,59-K1 | 223.23,59-K1223.23,0.9398237764835358,59K122323,59K122323,True,0,
167.jpg,59K122323,0,Ảnh Otsu,2,"59 K"" | 2233]","59 K""2233]",0.8140240907669067,59K2233,59K2233,True,0,
168.jpg,59X267951,0,Ảnh gốc,2,59-X2 | 679.51,59-X2679.51,0.9308205842971802,59X267951,59X267951,True,0,
168.jpg,59X267951,0,Ảnh CLAHE,2,59-X2 | 679.51,59-X2679.51,0.9050683379173279,59X267951,59X267951,True,0,
168.jpg,59X267951,0,Ảnh Otsu,2,59.X2 | 679.51,59.X2679.51,0.8948942720890045,59X267951,59X267951,True,0,
169.jpg,59P171756,0,Ảnh gốc,2,59-P1 | 717.56,59-P1717.56,0.9648794233798981,59P171756,59P171756,True,0,
169.jpg,59P171756,0,Ảnh CLAHE,2,59-P1 | 717.56,59-P1717.56,0.9125508666038513,59P171756,59P171756,True,0,
169.jpg,59P171756,0,Ảnh Otsu,2,59-P1 | 717.56,59-P1717.56,0.9371310770511627,59P171756,59P171756,True,0,
169.jpg,59P171756,1,Ảnh gốc,0,,,0.0,,,False,0,
169.jpg,59P171756,1,Ảnh CLAHE,0,,,0.0,,,False,0,
169.jpg,59P171756,1,Ảnh Otsu,0,,,0.0,,,False,0,
170.jpg,59P211073,0,Ảnh gốc,2,59-P2 | 110.73,59-P2110.73,0.8678126037120819,59P211073,59P211073,True,0,
170.jpg,59P211073,0,Ảnh CLAHE,2,59-P2 | 110.73,59-P2110.73,0.8601667284965515,59P211073,59P211073,True,0,
170.jpg,59P211073,0,Ảnh Otsu,2,59-P2 | 110.73,59-P2110.73,0.9000592231750488,59P211073,59P211073,True,0,
171.jpg,59V244588,0,Ảnh gốc,2,59-V2 | 44588,59-V244588,0.9024547934532166,59V244588,59V244588,True,0,
171.jpg,59V244588,0,Ảnh CLAHE,2,59-VZ | 44588,59-VZ44588,0.8937636613845825,59VZ44588,59VZ44588,True,0,
171.jpg,59V244588,0,Ảnh Otsu,2,5y vZ | 44588,5y vZ44588,0.8221478760242462,5YVZ44588,5YVZ44588,False,0,
172.jpg,50N102654,0,Ảnh gốc,2,50-N1 | 026.54,50-N1026.54,0.8924390375614166,50N102654,50N102654,True,0,
172.jpg,50N102654,0,Ảnh CLAHE,2,50-N1 | 026.54,50-N1026.54,0.9731171131134033,50N102654,50N102654,True,0,
172.jpg,50N102654,0,Ảnh Otsu,2,50 Ni | 026.54,50 Ni026.54,0.9053645730018616,50NI02654,50NI02654,True,0,
173.jpg,59K196591,0,Ảnh gốc,2,59-K1 | 965.91,59-K1965.91,0.9021160304546356,59K196591,59K196591,True,0,
173.jpg,59K196591,0,Ảnh CLAHE,2,59-K1 | 965.91,59-K1965.91,0.8852299451828003,59K196591,59K196591,True,0,
173.jpg,59K196591,0,Ảnh Otsu,2,59 A | 965.91,59 A965.91,0.7374254167079926,59A96591,59A96591,True,0,
174.jpg,55P67093,0,Ảnh gốc,2,55-P6 | 7093,55-P67093,0.9321680963039398,55P67093,55P67093,True,0,
174.jpg,55P67093,0,Ảnh CLAHE,2,55-P6 | 7093,55-P67093,0.9426519572734833,55P67093,55P67093,True,0,
174.jpg,55P67093,0,Ảnh Otsu,2,55 P6 | 7093,55 P67093,0.9281734526157379,55P67093,55P67093,True,0,
175.jpg,59A303615,0,Ảnh gốc,2,59-43 | 036.15,59-43036.15,0.901537299156189,594303615,59A303615,True,1,
175.jpg,59A303615,0,Ảnh CLAHE,2,59-43 | 036.15,59-43036.15,0.8972616493701935,594303615,59A303615,True,1,
175.jpg,59A303615,0,Ảnh Otsu,2,59 43 | 03615,59 4303615,0.95556640625,594303615,59A303615,True,1,
176.jpg,55P60839,0,Ảnh gốc,2,55-P6 | 0839,55-P60839,0.9637046456336975,55P60839,55P60839,True,0,
176.jpg,55P60839,0,Ảnh CLAHE,2,55-P6 | 0839,55-P60839,0.943334549665451,55P60839,55P60839,True,0,
176.jpg,55P60839,0,Ảnh Otsu,2,55 P6 | 0839,55 P60839,0.9647625684738159,55P60839,55P60839,True,0,
177.jpg,59U151595,0,Ảnh gốc,2,59-U1 | 515.95,59-U1515.95,0.9296991527080536,59U151595,59U151595,True,0,
177.jpg,59U151595,0,Ảnh CLAHE,2,59.U1 | 515.95,59.U1515.95,0.8816410601139069,59U151595,59U151595,True,0,
177.jpg,59U151595,0,Ảnh Otsu,2,59.U1 | 515.95,59.U1515.95,0.9049625992774963,59U151595,59U151595,True,0,
178.jpg,59S231606,0,Ảnh gốc,2,59-S2 | 316.06,59-S2316.06,0.9722990393638611,59S231606,59S231606,True,0,
178.jpg,59S231606,0,Ảnh CLAHE,2,59-S2 | 316.06,59-S2316.06,0.9706765413284302,59S231606,59S231606,True,0,
178.jpg,59S231606,0,Ảnh Otsu,2, 59-S2 | 316.06, 59-S2316.06,0.916790246963501,59S231606,59S231606,True,0,
179.jpg,72T28629,0,Ảnh gốc,2,72-T2 | 8629,72-T28629,0.9249049127101898,72T28629,72T28629,True,0,
179.jpg,72T28629,0,Ảnh CLAHE,2,72-T2 | 8629,72-T28629,0.923106461763382,72T28629,72T28629,True,0,
179.jpg,72T28629,0,Ảnh Otsu,2,72-12 | 8629,72-128629,0.9054979681968689,72128629,72I28629,True,1,
180.jpg,59C128740,0,Ảnh gốc,2,59.C1 | 287.40,59.C1287.40,0.9305398166179657,59C128740,59C128740,True,0,
180.jpg,59C128740,0,Ảnh CLAHE,2,59-C1 | 287.40,59-C1287.40,0.9295710623264313,59C128740,59C128740,True,0,
180.jpg,59C128740,0,Ảnh Otsu,2,59-C1 | 207.40,59-C1207.40,0.8871352970600128,59C120740,59C120740,True,0,
181.jpg,59S223245,0,Ảnh gốc,2,59-S2 | 23245,59-S223245,0.9346368312835693,59S223245,59S223245,True,0,
181.jpg,59S223245,0,Ảnh CLAHE,2,59-S2 | 232.45,59-S2232.45,0.9286070168018341,59S223245,59S223245,True,0,
181.jpg,59S223245,0,Ảnh Otsu,2,59 S2 | 23243,59 S223243,0.895079106092453,59S223243,59S223243,True,0,
182.jpg,47K29950,0,Ảnh gốc,2,47-K2 | 9950,47-K29950,0.9162763953208923,47K29950,47K29950,True,0,
182.jpg,47K29950,0,Ảnh CLAHE,2,47-K2 | 9950,47-K29950,0.9247212707996368,47K29950,47K29950,True,0,
182.jpg,47K29950,0,Ảnh Otsu,2,47-K2 | 9950,47-K29950,0.8736453354358673,47K29950,47K29950,True,0,
183.jpg,50XA5535,0,Ảnh gốc,2,50-XA | 5535,50-XA5535,0.8985355496406555,50XA5535,50XA5535,True,0,
183.jpg,50XA5535,0,Ảnh CLAHE,2,50-XA | 5535,50-XA5535,0.8970493674278259,50XA5535,50XA5535,True,0,
183.jpg,50XA5535,0,Ảnh Otsu,1,5535,5535,0.9940893650054932,5535,5535,False,0,
184.jpg,59M152576,0,Ảnh gốc,2,59-M1 | 525.76,59-M1525.76,0.9137694239616394,59M152576,59M152576,True,0,
184.jpg,59M152576,0,Ảnh CLAHE,2,59-M1 | 525.76,59-M1525.76,0.9155261218547821,59M152576,59M152576,True,0,
184.jpg,59M152576,0,Ảnh Otsu,2,59-11 | 525.76,59-11525.76,0.8903001546859741,591152576,59I152576,True,1,
185.jpg,59E158720,0,Ảnh gốc,2,59-E1 | 587.20,59-E1587.20,0.9658758640289307,59E158720,59E158720,True,0,
185.jpg,59E158720,0,Ảnh CLAHE,2,59-E1 | 587.20,59-E1587.20,0.9749468266963959,59E158720,59E158720,True,0,
185.jpg,59E158720,0,Ảnh Otsu,2,59.E1 | 587.20,59.E1587.20,0.9448760151863098,59E158720,59E158720,True,0,
186.jpg,59B129117,0,Ảnh gốc,2,59-B1 | 291.17,59-B1291.17,0.918070524930954,59B129117,59B129117,True,0,
186.jpg,59B129117,0,Ảnh CLAHE,2,59-B1 | 291.17,59-B1291.17,0.9152992069721222,59B129117,59B129117,True,0,
186.jpg,59B129117,0,Ảnh Otsu,2,59-01 | 291.17,59-01291.17,0.9174189865589142,590129117,59O129117,True,1,
187.jpg,59C165515,0,Ảnh gốc,2,59-C1 | 655.15,59-C1655.15,0.9576615989208221,59C165515,59C165515,True,0,
187.jpg,59C165515,0,Ảnh CLAHE,2,59-C1 | 655.15,59-C1655.15,0.9558529257774353,59C165515,59C165515,True,0,
187.jpg,59C165515,0,Ảnh Otsu,2,59-C1 | 655.15,59-C1655.15,0.9612573981285095,59C165515,59C165515,True,0,
188.jpg,52U84577,0,Ảnh gốc,2,52-U8 | 4577,52-U84577,0.9407642185688019,52U84577,52U84577,True,0,
188.jpg,52U84577,0,Ảnh CLAHE,2,52U8 | 4577,52U84577,0.9866288006305695,52U84577,52U84577,True,0,
188.jpg,52U84577,0,Ảnh Otsu,2,52-U8 | 4577,52-U84577,0.8850958347320557,52U84577,52U84577,True,0,
189.jpg,59U191897,0,Ảnh gốc,2,59.U1 | 918.97,59.U1918.97,0.9025658369064331,59U191897,59U191897,True,0,
189.jpg,59U191897,0,Ảnh CLAHE,2,59-U1 | 918.97,59-U1918.97,0.8955010771751404,59U191897,59U191897,True,0,
189.jpg,59U191897,0,Ảnh Otsu,2, 59-U1 | 910.97, 59-U1910.97,0.8458273708820343,59U191097,59U191097,True,0,
190.jpg,59M153773,0,Ảnh gốc,2,59-M1 | 537.73,59-M1537.73,0.8711993992328644,59M153773,59M153773,True,0,
190.jpg,59M153773,0,Ảnh CLAHE,2,59-M1 | 537.73,59-M1537.73,0.8959374129772186,59M153773,59M153773,True,0,
190.jpg,59M153773,0,Ảnh Otsu,2,59 N1 | 537.73,59 N1537.73,0.8731429874897003,59N153773,59N153773,True,0,
191.jpg,59C165331,0,Ảnh gốc,2,59.C1 | 653.31,59.C1653.31,0.8710891902446747,59C165331,59C165331,True,0,
191.jpg,59C165331,0,Ảnh CLAHE,2,59-C1 | 653.31,59-C1653.31,0.8839410543441772,59C165331,59C165331,True,0,
191.jpg,59C165331,0,Ảnh Otsu,2,59-C1 | 653.31,59-C1653.31,0.8885363638401031,59C165331,59C165331,True,0,
192.jpg,59C165331,0,Ảnh gốc,2,59.C1 | 653.31,59.C1653.31,0.9201493859291077,59C165331,59C165331,True,0,
192.jpg,59C165331,0,Ảnh CLAHE,2,59.C1 | 653.31,59.C1653.31,0.8890089690685272,59C165331,59C165331,True,0,
192.jpg,59C165331,0,Ảnh Otsu,2,59-C1 | 653.31,59-C1653.31,0.9313282668590546,59C165331,59C165331,True,0,
193.jpg,59F107509,0,Ảnh gốc,2,59.-1 | 075.09,59.-1075.09,0.8538515269756317,59107509,59I07509,True,1,
193.jpg,59F107509,0,Ảnh CLAHE,2,59.F1 | 075.09,59.F1075.09,0.9114090800285339,59F107509,59F107509,True,0,
193.jpg,59F107509,0,Ảnh Otsu,2,59-F1 | 075.09,59-F1075.09,0.9258753955364227,59F107509,59F107509,True,0,
194.jpg,59F107509,0,Ảnh gốc,2,59.F1 | 075.09,59.F1075.09,0.8604729771614075,59F107509,59F107509,True,0,
194.jpg,59F107509,0,Ảnh CLAHE,2,59.F1 | 075.09,59.F1075.09,0.8862561583518982,59F107509,59F107509,True,0,
194.jpg,59F107509,0,Ảnh Otsu,2,59-1 | 075.09,59-1075.09,0.8681343495845795,59107509,59I07509,True,1,
195.jpg,59N169575,0,Ảnh gốc,2,59-N1 | 695.75,59-N1695.75,0.9533053338527679,59N169575,59N169575,True,0,
195.jpg,59N169575,0,Ảnh CLAHE,2,59-N1 | 695.75,59-N1695.75,0.9467923641204834,59N169575,59N169575,True,0,
195.jpg,59N169575,0,Ảnh Otsu,2,59-W10 | 695.75,59-W10695.75,0.7976222038269043,59W1069575,59W1069575,True,0,
196.jpg,59N169575,0,Ảnh gốc,2,59-N1 | 695.75,59-N1695.75,0.9033955335617065,59N169575,59N169575,True,0,
196.jpg,59N169575,0,Ảnh CLAHE,2,59-N1 | 695.75,59-N1695.75,0.900207132101059,59N169575,59N169575,True,0,
196.jpg,59N169575,0,Ảnh Otsu,2,59.N14 | 695.75,59.N14695.75,0.8679082989692688,59N1469575,59N1469575,True,0,
197.jpg,59N169575,0,Ảnh gốc,2,59-N1 | 695.75,59-N1695.75,0.9545848667621613,59N169575,59N169575,True,0,
197.jpg,59N169575,0,Ảnh CLAHE,2,59-N1 | 695.75,59-N1695.75,0.9201915860176086,59N169575,59N169575,True,0,
197.jpg,59N169575,0,Ảnh Otsu,2,59-N1.3 | 695.75,59-N1.3695.75,0.8580536246299744,59N1369575,59N1369575,True,0,
198.jpg,59B134917,0,Ảnh gốc,2,59-B1 | 349.17,59-B1349.17,0.8862681686878204,59B134917,59B134917,True,0,
198.jpg,59B134917,0,Ảnh CLAHE,2,59-B1 | 349.17,59-B1349.17,0.9098399877548218,59B134917,59B134917,True,0,
198.jpg,59B134917,0,Ảnh Otsu,2,59-B1 | 349.17,59-B1349.17,0.9192467629909515,59B134917,59B134917,True,0,
199.jpg,59B134917,0,Ảnh gốc,2,59-B1 | 349.17,59-B1349.17,0.8646357357501984,59B134917,59B134917,True,0,
199.jpg,59B134917,0,Ảnh CLAHE,2,59-B1 | 349.17,59-B1349.17,0.8879022002220154,59B134917,59B134917,True,0,
199.jpg,59B134917,0,Ảnh Otsu,2,59-B1 | 349.17,59-B1349.17,0.9685580134391785,59B134917,59B134917,True,0,
200.jpg,59V200285,0,Ảnh gốc,2,59.-2 | 002.85,59.-2002.85,0.891838550567627,59200285,59Z00285,True,1,
200.jpg,59V200285,0,Ảnh CLAHE,2,59.-2 | 002.85,59.-2002.85,0.8368504345417023,59200285,59Z00285,True,1,
200.jpg,59V200285,0,Ảnh Otsu,2,59-12 | 002.85,59-12002.85,0.8466454744338989,591200285,59I200285,True,1,
